Palabra,Repeticiones
been,1
bad,2
about,3
apologise,1
your,1
instagram,1
teenagers,1
nazi,1
worked,1
english,1
friend,1
reddit,3
because,1
investing,1
fortnite,2
sister,7
using,1
sure,1
broke,1
tuning,1
younger,1
received,1
then,2
yugoslavic,1
something,1
former,1
blowing,1
left,1
detail,1
drive,1
starting,1
brother,1
sub,1
fact,1
23f,1
omg,1
believe,1
worth,1
mil,1
into,1
cried,1
how,1
after,2
relationship,1
teenager,2
spare,1
karma,1
committed,1
pulled,1
garage,1
started,1
"‘my",1
the,17
straight,3
actually,1
such,1
effin,1
buying,1
thing,2
story,1
through,2
but,2
ass,1
nine,1
republic,1
language,1
homophobe,1
had,2
got,1
lemme,1
regularly,1
shack,1
crotch,1
post,1
huge,1
has,1
info,1
add,1
last,2
need,2
might,1
warcrimes,1
this,4
relatives,1
lolll,1
she,8
outskirts,1
aita,2
guys,1
know,2
playing,1
internet,1
minecraft,1
next,1
some,1
figures,1
for,7
15m,1
learning,1
title,1
bruh,1
miles,1
desperately,1
nor,1
yesterday,1
not,3
cringe,1
now,1
just,3
mansion,1
live,1
starbucks,1
hours,2
unacceptable,1
recently,1
was,3
rich,1
reading,1
killed,1
better,1
with,4
what,2
money,1
there,1
step,2
17f,1
very,2
big,1
whole,1
years,2
scrolling,1
grammar,1
crush,1
her,7
model,1
validation,1
still,1
went,2
streams,1
wtf,2
iphone,1
talked,1
50m,1
redditors,1
million,1
phone,1
anyone,1
tiny,1
messages,1
asshole,2
normies,1
local,1
out,1
asked,1
stream,1
have,2
nta,1
man,1
lmao,2
buddy,1
knows,2
twitch,1
pissed,1
more,1
bought,1
facebook,1
change,1
suspect,1
hates,1
off,1
gfs,1
proceeded,1
fetch,1
scorched,1
game’,1
first,2
small,2
tesla,2
several,2
inheritance,1
while,3
posts,1
him,1
listen,1
that,6
growing,1
his,1
than,1
frick,1
only,1
should,1
few,1
from,3
net,1
day,1
likes,1
cries,1
everyone,2
like,1
estate,1
strangers,1
relevant,1
important,1
followers,1
dream,1
background,1
were,2
cryptos,1
who,3
parents,1
here,2
death,1
part,1
head,1
hair,1
sounds,1
flamethrower,2
and,5
spend,1
today,1
bald,1
goblin,1
said,3
make,1
met,1
chungus,1
chance,1
will,1
sat,1
20f,1
sisters,2
super,1
throwaway,1
pls,1
stable,1
neither,1
pillow,1
shiny,1
incident,1
account,1
